id;make;model;model_year;license_plate_number;license_plate_state;reserved_parking_stall_number
1;SMS Program;24/7 Vision-oriented connecting;23362;transmitter transmit;Garden;indexing Awesome Rubber Chicken panel
2;indigo convergence Multi-tiered;Officer;99308;payment;Streets Music Consultant;Personal Loan Account Coves
3;Lead Palestinian Territory Balboa US Dollar;Intranet generating Berkshire;50489;gold;interfaces efficient SDD;wireless navigating Pataca
4;knowledge base gold;JSON COM;78998;Infrastructure Unbranded Steel Chair zero defect;Bacon;copy
5;Future;Towels Practical Frozen Mouse;19402;Pizza;Drive attitude;concept Gorgeous Fresh Cheese Functionality
6;Interactions;Cotton Expanded;68566;generate;synthesizing red;Creative
7;Applications drive Ecuador;Manager;28452;matrices;cultivate New Jersey;Tools virtual quantify
8;Sausages;cyan Fiji Dollar Orchard;7060;Lempira Romania action-items;Berkshire invoice Soap;program compress port
9;District;Steel;46843;back-end target;extend Zambia;24/365
10;Personal Loan Account Electronics;deposit payment;95367;transparent invoice Fantastic Frozen Tuna;alarm frictionless connect;RAM navigating Liaison
